Subgroup variable,Subgroup,n,ADE rate (%),AUROC,AUPRC,Sensitivity,Specificity,PPV,NPV,F1,FNR,FPR,Brier Score,AUROC gap vs best,Sensitivity gap vs best,FNR gap vs lowest,Fairness flag
patient_sex,Female,20788,42.856455647488936,0.8535468970139293,0.816726658691595,0.6862723089011112,0.8333193029716306,0.7553743513713862,0.7798172364896802,0.719167205787214,0.31372769109888876,0.16668069702836938,0.1550358384847641,0.03211097822032394,0.1263140495965649,0.12631404959656492,FNR gap > 0.10
patient_sex,Male,15757,50.5235768229993,0.8715486892263201,0.8712812866913081,0.8125863584976761,0.7506413545407902,0.7689290383929632,0.7968409586056645,0.7901551239770368,0.18741364150232384,0.24935864545920985,0.1463232934474945,0.014109186007933094,0.0,0.0,No major concern
patient_sex,Unknown,3455,35.2821997105644,0.8856578752342532,0.8026658801039337,0.6374077112387203,0.8788014311270125,0.7414122137404581,0.8163689239717491,0.6854874283193648,0.36259228876127975,0.12119856887298748,0.13216884434223175,0.0,0.17517864725895582,0.1751786472589559,FNR gap > 0.10
age_group,Adult(19-40),3782,46.58910629296669,0.8125144693811038,0.7735954619898029,0.7360953461975028,0.7242574257425742,0.6995685005393744,0.7588174273858921,0.7173672566371682,0.26390465380249717,0.27574257425742577,0.17719736695289612,0.0609766216209483,0.11819913233010448,0.11819913233010454,FNR gap > 0.10
age_group,Child(3-12),582,40.893470790378004,0.837594049247606,0.7500302306031741,0.7100840336134454,0.7848837209302325,0.6954732510288066,0.7964601769911505,0.7027027027027027,0.28991596638655465,0.21511627906976744,0.16268639266490936,0.03589704175444608,0.1442104449141619,0.14421044491416202,FNR gap > 0.10
age_group,Elderly(81+),2092,62.33269598470363,0.8534341814331539,0.9012593762481854,0.8542944785276073,0.6700507614213198,0.8107714701601164,0.7353760445682451,0.8319641523525019,0.14570552147239263,0.3299492385786802,0.14800038933753967,0.020056909568898273,0.0,0.0,No major concern
age_group,Infant(0-2),205,52.6829268292683,0.7027491408934707,0.748424519779825,0.7129629629629629,0.5567010309278351,0.6416666666666667,0.6352941176470588,0.6754385964912281,0.28703703703703703,0.44329896907216493,0.218009352684021,0.1707419501085814,0.1413315155646444,0.1413315155646444,FNR gap > 0.10
age_group,Middle-Aged(41-65),12533,51.36040852150323,0.8409790613403401,0.8481274333241492,0.7646419139350629,0.744750656167979,0.7598024081506638,0.749793559042114,0.7622144792876501,0.23535808606493708,0.255249343832021,0.16320990025997162,0.03251202966171207,0.08965256459254445,0.08965256459254445,No major concern
age_group,Senior(66-80),8499,56.45370043534533,0.8654177543354044,0.8903543711131432,0.8399333055439766,0.7079167792488517,0.7884954020739582,0.7733175914994097,0.8134019578161268,0.16006669445602334,0.29208322075114834,0.1483418494462967,0.008073336666647779,0.01436117298363071,0.01436117298363071,No major concern
age_group,Teen(13-18),567,39.85890652557319,0.8083720447408715,0.7014261794500689,0.6814159292035398,0.7478005865102639,0.6416666666666667,0.7798165137614679,0.6609442060085837,0.3185840707964602,0.25219941348973607,0.17326273024082184,0.06511904626118059,0.17287854932406754,0.17287854932406754,FNR gap > 0.10
age_group,Unknown,11740,27.393526405451446,0.8734910910020521,0.7427893161997404,0.49657960199004975,0.9368840919755983,0.7480093676814988,0.831441957313899,0.5968977761166138,0.5034203980099502,0.06311590802440169,0.12448763847351074,0.0,0.35771487653755757,0.35771487653755757,FNR gap > 0.10
country,AU,292,61.986301369863014,0.7554626449654074,0.8300587853755734,0.8895027624309392,0.38738738738738737,0.7030567685589519,0.6825396825396826,0.7853658536585366,0.11049723756906077,0.6126126126126126,0.1925305724143982,0.13096780438022493,0.06627119334301657,0.06627119334301654,AUROC gap > 0.05
country,BR,668,51.49700598802395,0.6938971432672982,0.6938883495364745,0.7441860465116279,0.5493827160493827,0.6368159203980099,0.6691729323308271,0.6863270777479893,0.2558139534883721,0.4506172839506173,0.22143328189849854,0.19253330607833408,0.21158790926232784,0.21158790926232787,FNR gap > 0.10
country,CA,1773,47.15172024816695,0.694695225013149,0.6862471260341333,0.611244019138756,0.6712913553895411,0.6239316239316239,0.6593291404612159,0.6175226586102719,0.388755980861244,0.3287086446104589,0.21960441768169403,0.19173522433248336,0.3445299366351997,0.3445299366351998,FNR gap > 0.10
country,DE,1106,73.59855334538878,0.7292311770051496,0.8799897850863769,0.9557739557739557,0.19863013698630136,0.7687747035573123,0.6170212765957447,0.8521358159912377,0.044226044226044224,0.8013698630136986,0.16904687881469727,0.1571992723404827,0.0,0.0,AUROC gap > 0.05
country,ES,299,67.22408026755853,0.787135749822317,0.8899430360331473,0.9154228855721394,0.3469387755102041,0.7419354838709677,0.6666666666666666,0.8195991091314031,0.0845771144278607,0.6530612244897959,0.17624524235725403,0.09929469952331527,0.040351070201816386,0.040351070201816476,AUROC gap > 0.05
country,FR,1226,72.92006525285481,0.737429584108245,0.8728418137701661,0.9496644295302014,0.21686746987951808,0.7655545536519387,0.6153846153846154,0.8477284073889166,0.050335570469798654,0.7831325301204819,0.16889052093029022,0.14900086523738731,0.006109526243754382,0.00610952624375443,AUROC gap > 0.05
country,GB,1363,63.829787234042556,0.742197663845562,0.8491436698105836,0.860919540229885,0.3752535496957404,0.7086092715231788,0.6045751633986928,0.7773741567202906,0.13908045977011493,0.6247464503042597,0.19283923506736755,0.14423278550007035,0.0948544155440707,0.0948544155440707,AUROC gap > 0.05
country,IT,850,64.47058823529412,0.6678107023734712,0.7843199065556905,0.9233576642335767,0.20860927152317882,0.6791946308724832,0.6,0.782675947409126,0.07664233576642336,0.7913907284768212,0.21080227196216583,0.21861974697216113,0.03241629154037906,0.03241629154037914,AUROC gap > 0.05
country,JP,2503,68.95725129844188,0.7577645100820073,0.861736338190948,0.9269988412514485,0.35263835263835264,0.7608178792201616,0.685,0.835727343954035,0.07300115874855156,0.6473616473616474,0.17252479493618011,0.12866593926362502,0.02877511452250725,0.02877511452250734,AUROC gap > 0.05
country,US,26346,35.50823654444697,0.8864304493456323,0.8319357372583635,0.6154997327632282,0.9210170090047672,0.8109859154929577,0.813104021614881,0.6998480704952902,0.3845002672367718,0.07898299099523277,0.12869690358638763,0.0,0.3402742230107275,0.3402742230107276,FNR gap > 0.10
drug_count_category,2-3 Drugs,10421,40.65828615296037,0.855195681120029,0.8046845791752545,0.6492801510502714,0.8483182406209573,0.74573055028463,0.779263220439691,0.6941710825132476,0.3507198489497286,0.15168175937904269,0.15292365849018097,0.043089621734335726,0.1834694111213574,0.18346941112135728,FNR gap > 0.10
drug_count_category,4-5 Drugs,5467,49.97256264861898,0.8415656007344734,0.8415747447862933,0.7379209370424598,0.7623400365630713,0.7561890472618155,0.7443770082113531,0.7469433123379029,0.26207906295754024,0.2376599634369287,0.16361628472805023,0.0567197021198913,0.09482862512916901,0.09482862512916895,AUROC gap > 0.05
drug_count_category,Polypharmacy(6+),14046,56.91300014238929,0.8316143956943253,0.8619660466528445,0.8327495621716288,0.6566424322538004,0.7621064682312536,0.7482583317642628,0.7958634706198816,0.1672504378283713,0.3433575677461996,0.1653105914592743,0.06667090716003943,0.0,0.0,AUROC gap > 0.05
drug_count_category,Single,10041,30.97301065630913,0.8982853028543647,0.8197605281997186,0.6176848874598071,0.924253354494301,0.7853638593622241,0.843449637919684,0.69150467962563,0.3823151125401929,0.07574664550569904,0.11667381972074509,0.0,0.21506467471182167,0.2150646747118216,FNR gap > 0.10
